[{"fields": {"name": "Consequatur delectus rerum e"}, "model": "api.user", "pk": 1}, {"fields": {"name": "Et enim"}, "model": "api.user", "pk": 2}, {"fields": {"name": "Maxime fugit nemo vero r"}, "model": "api.user", "pk": 3}, {"fields": {"name": "Veniam cupiditate officiis quam volup"}, "model": "api.user", "pk": 4}, {"fields": {"name": "Voluptate nemo quae non animi"}, "model": "api.user", "pk": 5}, {"fields": {"name": "Perferendis numquam ipsam temporibus e"}, "model": "api.user", "pk": 6}, {"fields": {"name": "Ipsa quia corporis t"}, "model": "api.user", "pk": 7}, {"fields": {"name": "Error omni"}, "model": "api.user", "pk": 8}, {"fields": {"name": "Corrupti pariatur iste q"}, "model": "api.user", "pk": 9}, {"fields": {"name": "Nulla ab provident, eos labore ipsum consequ"}, "model": "api.user", "pk": 10}, {"fields": {"name": "Numquam ut dolore a aliquid. Repudiandae od"}, "model": "api.user", "pk": 11}, {"fields": {"name": "Quo quisquam voluptatem ipsa sequi vero dolor, q"}, "model": "api.user", "pk": 12}, {"fields": {"name": "Doloremque fugit beatae sint nulla mini"}, "model": "api.user", "pk": 13}, {"fields": {"name": "Pariatur suscipit a do"}, "model": "api.user", "pk": 14}, {"fields": {"name": "Consequuntur similique nisi ratione veri"}, "model": "api.user", "pk": 15}, {"fields": {"name": "Placeat q"}, "model": "api.user", "pk": 16}, {"fields": {"name": "Iusto placeat qui dolorum odit cupidit"}, "model": "api.user", "pk": 17}, {"fields": {"name": "Nam ducimus neque, illo"}, "model": "api.user", "pk": 18}, {"fields": {"name": "Nulla est elige"}, "model": "api.user", "pk": 19}, {"fields": {"name": "Aliquid quod nulla invent"}, "model": "api.user", "pk": 20}, {"fields": {"user_id": 3, "private": false, "title": "Quod labore accusantium ipsam delenit"}, "model": "api.question", "pk": 1}, {"fields": {"user_id": 17, "private": true, "title": "Tenetur explicabo laudantium numquam v"}, "model": "api.question", "pk": 2}, {"fields": {"user_id": 17, "private": true, "title": "Nesciunt omnis excepturi fugit nihil eos vel voluptates illo opt"}, "model": "api.question", "pk": 3}, {"fields": {"user_id": 12, "private": false, "title": "Ab aut eligendi minus architecto ex doloribus consequatur, excepturi deserunt a ullam aliqu"}, "model": "api.question", "pk": 4}, {"fields": {"user_id": 6, "private": false, "title": "Voluptatem cu"}, "model": "api.question", "pk": 5}, {"fields": {"user_id": 8, "private": true, "title": "Aliquam voluptas velit voluptatum vero veniam unde ipsa cum cumq"}, "model": "api.question", "pk": 6}, {"fields": {"user_id": 4, "private": false, "title": "Assumenda dolore commodi fugit"}, "model": "api.question", "pk": 7}, {"fields": {"user_id": 12, "private": false, "title": "Asperiores iur"}, "model": "api.question", "pk": 8}, {"fields": {"user_id": 9, "private": false, "title": "Dignissimos repellat voluptates voluptatem magna"}, "model": "api.question", "pk": 9}, {"fields": {"user_id": 17, "private": true, "title": "Vel eligendi accusantium similique"}, "model": "api.question", "pk": 10}, {"fields": {"user_id": 11, "private": true, "title": "Cumque exercitationem di"}, "model": "api.question", "pk": 11}, {"fields": {"user_id": 4, "private": true, "title": "Reprehenderit suscipit ad eos nam facere nisi assumenda, aspernatur totam iste v"}, "model": "api.question", "pk": 12}, {"fields": {"user_id": 6, "private": false, "title": "Ratione delectus consectetu"}, "model": "api.question", "pk": 13}, {"fields": {"user_id": 2, "private": true, "title": "Incidunt voluptatem atque dolor por"}, "model": "api.question", "pk": 14}, {"fields": {"user_id": 15, "private": true, "title": "Unde ad dolor cum at est minima rerum, accusantium dicta vol"}, "model": "api.question", "pk": 15}, {"fields": {"user_id": 17, "private": true, "title": "Cupiditate perferendi"}, "model": "api.question", "pk": 16}, {"fields": {"user_id": 7, "private": false, "title": "Hic officia maxime fugit excepturi debitis. Esse o"}, "model": "api.question", "pk": 17}, {"fields": {"user_id": 19, "private": true, "title": "Explicabo quasi eveniet pariatur ducimus, labore eum expl"}, "model": "api.question", "pk": 18}, {"fields": {"user_id": 15, "private": false, "title": "Aut nulla eaque quo eos culpa repellat? Ad necessitatibus at quibusdam"}, "model": "api.question", "pk": 19}, {"fields": {"user_id": 3, "private": false, "title": "Aperiam fuga officiis rem. Error fuga ducimus facere consequuntur"}, "model": "api.question", "pk": 20}, {"fields": {"body": "Lorem ipsum dolor sit amet, consectetur adipisicing elit, sed do eiusmod tempor incididunt ut labore et dolore magna aliqua. Ut enim ad minim veniam, quis nostrud exercitation ullamco laboris nisi ut aliquip ex ea commodo consequat. Duis aute irure dolor in reprehenderit in voluptate velit esse cillum dolore eu fugiat nulla pariatur. Excepteur sint occaecat cupidatat non proident, sunt in culpa qui officia deserunt mollit anim id est laborum.\n\nIpsum dolorem ducimus veritatis quia debitis vero ut ipsa sunt, error iusto architecto saepe incidunt perferendis veniam. Rem unde harum fugit magni voluptatum praesentium sit impedit aliquam pariatur, debitis veritatis beatae?\n\nEsse a dicta rem aspernatur aperiam ducimus impedit quaerat non velit labore, deserunt accusantium id quia quidem, debitis fuga eligendi veniam, cupiditate architecto blanditiis ea libero. Blanditiis corrupti sapiente temporibus neque nisi at eum exercitationem, fugiat distinctio possimus porro laboriosam, accusantium in rerum animi doloribus perferendis culpa cum. Atque ab itaque nesciunt, commodi minus sapiente non, nam assumenda libero similique deserunt eius quaerat, molestias non provident sint animi quidem id atque, commodi sapiente a minus sit sed?", "user_id": 2, "question_id": 8}, "model": "api.answer", "pk": 1}, {"fields": {"body": "Lorem ipsum dolor sit amet, consectetur adipisicing elit, sed do eiusmod tempor incididunt ut labore et dolore magna aliqua. Ut enim ad minim veniam, quis nostrud exercitation ullamco laboris nisi ut aliquip ex ea commodo consequat. Duis aute irure dolor in reprehenderit in voluptate velit esse cillum dolore eu fugiat nulla pariatur. Excepteur sint occaecat cupidatat non proident, sunt in culpa qui officia deserunt mollit anim id est laborum.\n\nDoloremque praesentium ea soluta facere aspernatur. Excepturi totam officiis vitae porro modi harum eligendi reprehenderit praesentium vero, assumenda temporibus voluptas, ab harum dicta, asperiores ex provident esse modi? Debitis maxime quos vitae velit vel labore dolore sunt nam iure, incidunt ipsam odio libero aliquid nam voluptatem. Aut nobis voluptate harum, vitae enim tempora aut deleniti omnis laborum corporis facilis iusto ea debitis, quod perferendis natus illum nisi.\n\nQuidem omnis quisquam numquam ipsa hic sequi quos, dicta placeat suscipit in maiores labore doloribus distinctio eveniet, similique quasi voluptate nemo quae qui impedit natus fugiat eligendi, dolores aliquid tempore vel error dolorum temporibus.", "user_id": 7, "question_id": 12}, "model": "api.answer", "pk": 2}, {"fields": {"body": "Lorem ipsum dolor sit amet, consectetur adipisicing elit, sed do eiusmod tempor incididunt ut labore et dolore magna aliqua. Ut enim ad minim veniam, quis nostrud exercitation ullamco laboris nisi ut aliquip ex ea commodo consequat. Duis aute irure dolor in reprehenderit in voluptate velit esse cillum dolore eu fugiat nulla pariatur. Excepteur sint occaecat cupidatat non proident, sunt in culpa qui officia deserunt mollit anim id est laborum.\n\nEius omnis architecto consequuntur repellendus earum tempore, fugiat error ipsum maxime assumenda sit?\n\nVoluptates iusto accusamus fugit eum accusantium adipisci, molestiae omnis fuga suscipit vel eos odio voluptatem nostrum, repudiandae nihil tempora error repellendus ratione perspiciatis nulla voluptatibus iusto, iste iusto dolor quasi commodi earum odio nemo perspiciatis fugiat. Quisquam voluptas adipisci ullam, eligendi vitae optio sunt soluta earum velit voluptatibus repellat minus tempore, adipisci at autem natus blanditiis laudantium earum dolores fuga, quas voluptatibus eum totam enim reprehenderit iure dicta, laboriosam soluta sunt maxime iure neque distinctio. Consectetur distinctio dolore explicabo praesentium magni illum quasi cumque mollitia soluta itaque. Fugit magni amet at labore, aperiam reiciendis ducimus temporibus ut esse illum ullam ipsa molestiae, repellendus omnis a nulla sunt amet, ipsa voluptate accusamus aliquid.", "user_id": 8, "question_id": 6}, "model": "api.answer", "pk": 3}, {"fields": {"body": "Lorem ipsum dolor sit amet, consectetur adipisicing elit, sed do eiusmod tempor incididunt ut labore et dolore magna aliqua. Ut enim ad minim veniam, quis nostrud exercitation ullamco laboris nisi ut aliquip ex ea commodo consequat. Duis aute irure dolor in reprehenderit in voluptate velit esse cillum dolore eu fugiat nulla pariatur. Excepteur sint occaecat cupidatat non proident, sunt in culpa qui officia deserunt mollit anim id est laborum.\n\nMolestiae earum sequi animi, veritatis sunt possimus fugit.\n\nEaque autem facilis, non quia doloribus sapiente aut quae sint corporis minima, qui magni debitis molestias inventore unde et modi, aspernatur itaque suscipit ex facere sed temporibus obcaecati saepe rem sequi, enim perferendis fuga modi velit ullam eius ratione quidem beatae amet nam? Quas non consequatur temporibus nesciunt.", "user_id": 1, "question_id": 19}, "model": "api.answer", "pk": 4}, {"fields": {"body": "Lorem ipsum dolor sit amet, consectetur adipisicing elit, sed do eiusmod tempor incididunt ut labore et dolore magna aliqua. Ut enim ad minim veniam, quis nostrud exercitation ullamco laboris nisi ut aliquip ex ea commodo consequat. Duis aute irure dolor in reprehenderit in voluptate velit esse cillum dolore eu fugiat nulla pariatur. Excepteur sint occaecat cupidatat non proident, sunt in culpa qui officia deserunt mollit anim id est laborum.\n\nNemo expedita debitis ab beatae provident, facere et deleniti maxime totam, possimus unde voluptas distinctio autem assumenda reprehenderit repudiandae, unde adipisci quasi aliquam voluptas amet provident ipsa officia accusamus eum. Quasi a neque recusandae consectetur fuga expedita minima impedit maiores veritatis quis, voluptas iure quidem repellendus fuga sequi expedita ipsam aperiam sapiente optio, modi ipsam non quam iure pariatur numquam voluptatum odit? Maxime ab illo doloremque repudiandae hic exercitationem libero? Quaerat nesciunt eaque nulla aut minus, totam tenetur recusandae voluptatem temporibus pariatur quos veniam quis facilis optio?\n\nSed iusto laudantium, aliquam recusandae ex quia asperiores modi praesentium nostrum cumque, ipsum illo maiores nisi nam corrupti? Laborum in sequi tempore officia, nulla eligendi modi unde numquam eos cum dolor sit commodi iure, assumenda atque quaerat in facilis sed porro, praesentium quasi vitae aspernatur nihil sint?", "user_id": 4, "question_id": 5}, "model": "api.answer", "pk": 5}, {"fields": {"body": "Lorem ipsum dolor sit amet, consectetur adipisicing elit, sed do eiusmod tempor incididunt ut labore et dolore magna aliqua. Ut enim ad minim veniam, quis nostrud exercitation ullamco laboris nisi ut aliquip ex ea commodo consequat. Duis aute irure dolor in reprehenderit in voluptate velit esse cillum dolore eu fugiat nulla pariatur. Excepteur sint occaecat cupidatat non proident, sunt in culpa qui officia deserunt mollit anim id est laborum.\n\nConsequatur incidunt exercitationem delectus aut fugiat consequuntur illum nihil corporis ipsam provident. Non cumque sunt quia animi rem tempora perferendis?\n\nAliquam beatae tenetur quidem quas similique quisquam suscipit incidunt, quidem magnam sapiente fuga quibusdam culpa quod a magni, iure soluta at odit sit aliquid officia molestiae impedit ipsam, nulla qui voluptatum exercitationem magni, fugit dolorum atque placeat. Sit doloribus distinctio nobis, nam temporibus repellendus eveniet doloremque error neque incidunt deserunt deleniti in?", "user_id": 12, "question_id": 7}, "model": "api.answer", "pk": 6}, {"fields": {"body": "Lorem ipsum dolor sit amet, consectetur adipisicing elit, sed do eiusmod tempor incididunt ut labore et dolore magna aliqua. Ut enim ad minim veniam, quis nostrud exercitation ullamco laboris nisi ut aliquip ex ea commodo consequat. Duis aute irure dolor in reprehenderit in voluptate velit esse cillum dolore eu fugiat nulla pariatur. Excepteur sint occaecat cupidatat non proident, sunt in culpa qui officia deserunt mollit anim id est laborum.\n\nArchitecto voluptatem impedit possimus ab, nostrum quod voluptatibus esse quisquam nemo, eos quis est, placeat quas iure quis harum? Mollitia debitis incidunt consectetur optio cupiditate blanditiis facilis quisquam officia laborum, porro laboriosam alias voluptate perferendis voluptatum ducimus reprehenderit accusantium, deleniti nam obcaecati, saepe incidunt maiores nesciunt laudantium aut iusto neque quo voluptatum aliquam? Accusamus maiores blanditiis consequatur magnam iusto quidem rem, nisi obcaecati sunt eius ut exercitationem nobis ex? Esse quidem impedit facilis fugit dolor non aspernatur aperiam, eum deserunt nihil commodi labore distinctio perspiciatis inventore possimus voluptatibus magni, ex ducimus tempore nesciunt ipsum fugit minus, ex reprehenderit eum modi obcaecati totam.\n\nAlias odit numquam eveniet ea ipsa eaque tenetur et voluptas beatae, minima molestiae laborum tenetur, fuga deserunt commodi sint labore accusantium ut ipsam, aliquid ducimus esse ipsam, voluptatum quaerat eius dolor pariatur?", "user_id": 12, "question_id": 16}, "model": "api.answer", "pk": 7}, {"fields": {"body": "Lorem ipsum dolor sit amet, consectetur adipisicing elit, sed do eiusmod tempor incididunt ut labore et dolore magna aliqua. Ut enim ad minim veniam, quis nostrud exercitation ullamco laboris nisi ut aliquip ex ea commodo consequat. Duis aute irure dolor in reprehenderit in voluptate velit esse cillum dolore eu fugiat nulla pariatur. Excepteur sint occaecat cupidatat non proident, sunt in culpa qui officia deserunt mollit anim id est laborum.\n\nAnimi necessitatibus sint explicabo asperiores ab adipisci pariatur rerum officia amet, voluptatibus dolorum dignissimos voluptatum, suscipit aspernatur sit vitae at eum magni temporibus saepe eaque? Possimus aut voluptatibus iusto obcaecati, est libero praesentium repudiandae voluptates, tempora veniam dolore nobis enim omnis sit maiores architecto eligendi, autem ipsa labore, quod quidem assumenda deserunt velit voluptate sit natus ratione ducimus cum? Quasi saepe optio incidunt?\n\nSimilique quas ratione laudantium, neque a laborum odio blanditiis possimus, explicabo nobis accusamus inventore aperiam consequuntur consequatur vel saepe illum, sit voluptatum excepturi dolore voluptatem quidem? Neque repellat maxime ut.", "user_id": 6, "question_id": 20}, "model": "api.answer", "pk": 8}, {"fields": {"body": "Lorem ipsum dolor sit amet, consectetur adipisicing elit, sed do eiusmod tempor incididunt ut labore et dolore magna aliqua. Ut enim ad minim veniam, quis nostrud exercitation ullamco laboris nisi ut aliquip ex ea commodo consequat. Duis aute irure dolor in reprehenderit in voluptate velit esse cillum dolore eu fugiat nulla pariatur. Excepteur sint occaecat cupidatat non proident, sunt in culpa qui officia deserunt mollit anim id est laborum.\n\nArchitecto tempora eius, dolorem pariatur delectus animi ipsum fugit voluptate vel tempora doloribus quia, explicabo accusantium atque quas enim temporibus a delectus, tempore aut magnam ab exercitationem sint cupiditate. Sed inventore animi quas porro nihil cum incidunt voluptatum nemo, eligendi tempore officia vel, nam est praesentium cum odio, molestiae necessitatibus voluptates asperiores inventore quo exercitationem facere, vel eos veniam saepe eligendi natus sint iusto labore voluptas eaque. Sapiente cumque in eligendi corporis aspernatur necessitatibus incidunt, in excepturi pariatur aliquid minima ut. Ipsam magni ducimus laudantium corporis?\n\nNihil provident dignissimos reprehenderit animi corporis repellendus? Similique consectetur aliquid laudantium placeat quod, assumenda rerum a placeat voluptatem quam accusamus labore beatae at, laudantium iure dolorum rerum qui provident iusto asperiores culpa maiores facilis accusantium, quidem blanditiis doloremque eveniet sit. Aliquam sunt laboriosam dolore porro nobis maiores quidem id eligendi officiis, tenetur dignissimos porro sunt illum, ad quidem sit doloribus tempore explicabo?", "user_id": 13, "question_id": 2}, "model": "api.answer", "pk": 9}, {"fields": {"body": "Lorem ipsum dolor sit amet, consectetur adipisicing elit, sed do eiusmod tempor incididunt ut labore et dolore magna aliqua. Ut enim ad minim veniam, quis nostrud exercitation ullamco laboris nisi ut aliquip ex ea commodo consequat. Duis aute irure dolor in reprehenderit in voluptate velit esse cillum dolore eu fugiat nulla pariatur. Excepteur sint occaecat cupidatat non proident, sunt in culpa qui officia deserunt mollit anim id est laborum.\n\nVoluptatum ratione repellendus animi alias at hic quisquam, incidunt exercitationem nulla illo iure quidem amet, impedit ratione necessitatibus facilis ipsam minus enim? Dolorem corporis consequatur neque dolores ex facilis placeat quaerat fuga itaque obcaecati, quaerat culpa facilis cumque excepturi quisquam dolorum reprehenderit asperiores, quos pariatur tenetur temporibus laboriosam quae recusandae sint eius facilis unde, dolor odit doloribus maiores earum iusto quo iste, officia ipsam quia quasi cumque excepturi esse nesciunt.\n\nDeleniti dicta accusamus vel.", "user_id": 10, "question_id": 9}, "model": "api.answer", "pk": 10}, {"fields": {"body": "Lorem ipsum dolor sit amet, consectetur adipisicing elit, sed do eiusmod tempor incididunt ut labore et dolore magna aliqua. Ut enim ad minim veniam, quis nostrud exercitation ullamco laboris nisi ut aliquip ex ea commodo consequat. Duis aute irure dolor in reprehenderit in voluptate velit esse cillum dolore eu fugiat nulla pariatur. Excepteur sint occaecat cupidatat non proident, sunt in culpa qui officia deserunt mollit anim id est laborum.\n\nNostrum voluptatum possimus labore dolores nisi aliquam unde iusto, ducimus sit reprehenderit asperiores necessitatibus maxime hic nulla omnis illum, voluptatum iure atque qui deleniti obcaecati officia maxime. Explicabo nemo consequuntur sunt repellat dolores numquam aliquam minus aliquid, dolorum saepe laboriosam consequatur excepturi ad atque fugit consequuntur deserunt magni, quos perferendis accusantium commodi modi voluptatem cum enim soluta rem officia, hic esse delectus optio, cupiditate rem odit eos reprehenderit accusantium molestiae nam? Voluptatum alias exercitationem magnam ipsam, quae sunt quis debitis quas asperiores dolore, debitis officia dicta nobis ut voluptatibus, reiciendis incidunt minima pariatur? Adipisci ex dolorum repellat velit exercitationem provident dolor maiores, accusamus fugiat et obcaecati, consequatur dignissimos illo molestias accusamus ea est debitis officiis?\n\nCorporis consequatur beatae qui alias hic adipisci similique culpa impedit quasi, earum et tempore fuga officiis voluptas impedit quas natus sequi, nihil perferendis asperiores dolorum? Expedita facilis sed minus, reiciendis ullam sed laboriosam earum ex molestias amet vero veniam. Ullam illum cum reiciendis porro unde rerum aspernatur inventore, odio obcaecati eius eaque sit tempora inventore?", "user_id": 17, "question_id": 18}, "model": "api.answer", "pk": 11}, {"fields": {"body": "Lorem ipsum dolor sit amet, consectetur adipisicing elit, sed do eiusmod tempor incididunt ut labore et dolore magna aliqua. Ut enim ad minim veniam, quis nostrud exercitation ullamco laboris nisi ut aliquip ex ea commodo consequat. Duis aute irure dolor in reprehenderit in voluptate velit esse cillum dolore eu fugiat nulla pariatur. Excepteur sint occaecat cupidatat non proident, sunt in culpa qui officia deserunt mollit anim id est laborum.\n\nMinus numquam illum at inventore veniam molestiae explicabo, architecto dolorem veritatis dignissimos, minima dolor neque, libero doloribus consectetur nostrum, a eveniet soluta vitae enim deserunt ducimus commodi facilis harum eos rerum? Esse harum possimus maiores tenetur quasi laborum, amet repudiandae nesciunt sapiente qui consequatur placeat natus, amet et tenetur atque ab officiis at similique optio, cumque neque error debitis cum? Eius facilis dolor, iusto libero sunt fugit neque numquam dolores. Nostrum libero aspernatur laboriosam officiis esse itaque molestias aliquam atque ratione rerum, libero eaque odio explicabo repellendus itaque nesciunt est nobis modi architecto.\n\nAb facere vel repellendus, sit rerum animi iusto aliquam at officiis culpa doloribus iure eius?", "user_id": 9, "question_id": 9}, "model": "api.answer", "pk": 12}, {"fields": {"body": "Lorem ipsum dolor sit amet, consectetur adipisicing elit, sed do eiusmod tempor incididunt ut labore et dolore magna aliqua. Ut enim ad minim veniam, quis nostrud exercitation ullamco laboris nisi ut aliquip ex ea commodo consequat. Duis aute irure dolor in reprehenderit in voluptate velit esse cillum dolore eu fugiat nulla pariatur. Excepteur sint occaecat cupidatat non proident, sunt in culpa qui officia deserunt mollit anim id est laborum.\n\nConsectetur quos ut in ullam, laborum debitis quis harum dolore nulla et in maxime nihil aspernatur? Et possimus laboriosam, eligendi doloremque possimus dolore odio? Hic reprehenderit eaque, obcaecati reprehenderit iste.\n\nImpedit voluptatum dicta atque?", "user_id": 13, "question_id": 18}, "model": "api.answer", "pk": 13}, {"fields": {"body": "Lorem ipsum dolor sit amet, consectetur adipisicing elit, sed do eiusmod tempor incididunt ut labore et dolore magna aliqua. Ut enim ad minim veniam, quis nostrud exercitation ullamco laboris nisi ut aliquip ex ea commodo consequat. Duis aute irure dolor in reprehenderit in voluptate velit esse cillum dolore eu fugiat nulla pariatur. Excepteur sint occaecat cupidatat non proident, sunt in culpa qui officia deserunt mollit anim id est laborum.\n\nEum totam nostrum, saepe corporis odio non sed tempore beatae, rerum facilis obcaecati neque quis placeat magnam dignissimos, voluptates enim ipsam ullam. Voluptas similique rerum dignissimos inventore pariatur harum veritatis accusantium ad adipisci, consequatur magnam minus officiis voluptates reprehenderit libero assumenda pariatur, ipsam libero voluptates laboriosam quam aperiam consequuntur ducimus fugit culpa quidem, corporis quam labore quae.\n\nDoloribus cum nam fugit sapiente, optio sunt in omnis dolorem soluta quos aspernatur molestiae autem maiores voluptates, debitis quidem ipsum distinctio corporis suscipit culpa blanditiis accusantium iusto velit sit, doloribus aut magni facilis neque quod nam veritatis commodi reprehenderit?", "user_id": 13, "question_id": 17}, "model": "api.answer", "pk": 14}, {"fields": {"body": "Lorem ipsum dolor sit amet, consectetur adipisicing elit, sed do eiusmod tempor incididunt ut labore et dolore magna aliqua. Ut enim ad minim veniam, quis nostrud exercitation ullamco laboris nisi ut aliquip ex ea commodo consequat. Duis aute irure dolor in reprehenderit in voluptate velit esse cillum dolore eu fugiat nulla pariatur. Excepteur sint occaecat cupidatat non proident, sunt in culpa qui officia deserunt mollit anim id est laborum.\n\nAb possimus numquam laboriosam voluptatem dolore unde hic libero facilis esse, a eligendi dicta deleniti et deserunt accusamus officia molestias. Voluptas nobis sit quas laboriosam quam debitis dicta distinctio eaque alias exercitationem, deleniti eius eum ea enim perspiciatis accusantium possimus illum ad.\n\nIn temporibus suscipit voluptatem numquam facilis est iste tempora quae eum. Molestias adipisci et distinctio modi sunt cupiditate rerum harum eaque fugiat quibusdam, eum delectus sint officia rem nam ducimus dolore corporis fugiat, in iste modi alias natus omnis ab aperiam, deserunt reiciendis harum hic dicta sunt, facilis nisi qui? Veritatis consequuntur aliquid quo perferendis vitae accusantium nam tenetur rerum, quibusdam recusandae commodi enim voluptatibus excepturi voluptas sequi explicabo fugiat error, officia vero veniam quasi asperiores nostrum pariatur in fuga.", "user_id": 7, "question_id": 14}, "model": "api.answer", "pk": 15}, {"fields": {"body": "Lorem ipsum dolor sit amet, consectetur adipisicing elit, sed do eiusmod tempor incididunt ut labore et dolore magna aliqua. Ut enim ad minim veniam, quis nostrud exercitation ullamco laboris nisi ut aliquip ex ea commodo consequat. Duis aute irure dolor in reprehenderit in voluptate velit esse cillum dolore eu fugiat nulla pariatur. Excepteur sint occaecat cupidatat non proident, sunt in culpa qui officia deserunt mollit anim id est laborum.\n\nNam dolor numquam est voluptatibus temporibus aperiam, quia voluptate ex at officiis sequi odio beatae nihil quod ullam iusto, obcaecati dolorum eaque minus commodi sapiente tenetur aut, eveniet iste itaque nulla at praesentium quibusdam mollitia aspernatur tempora facilis. Hic quae quas assumenda at, quasi doloremque atque tempora nesciunt error laboriosam, placeat et exercitationem consequatur repellat officia expedita quas saepe quae mollitia ducimus, iusto dolor fuga? Alias eius non sequi magni dolor velit, vero vitae voluptatibus tenetur odit delectus, dolores amet ducimus necessitatibus natus consequuntur nesciunt nulla est provident omnis delectus, aut quae consectetur nesciunt beatae aliquam ea est maiores suscipit quibusdam?\n\nQui consequuntur fugit quaerat amet temporibus voluptates necessitatibus deleniti repellat voluptate laudantium? Voluptatibus hic perspiciatis, laborum nisi molestias, est assumenda laborum mollitia maiores necessitatibus debitis molestiae cum ducimus consectetur, quia corporis delectus eaque, ut mollitia labore error? Enim assumenda adipisci modi quisquam voluptates laboriosam nulla suscipit?", "user_id": 9, "question_id": 9}, "model": "api.answer", "pk": 16}, {"fields": {"body": "Lorem ipsum dolor sit amet, consectetur adipisicing elit, sed do eiusmod tempor incididunt ut labore et dolore magna aliqua. Ut enim ad minim veniam, quis nostrud exercitation ullamco laboris nisi ut aliquip ex ea commodo consequat. Duis aute irure dolor in reprehenderit in voluptate velit esse cillum dolore eu fugiat nulla pariatur. Excepteur sint occaecat cupidatat non proident, sunt in culpa qui officia deserunt mollit anim id est laborum.\n\nQuasi maiores doloribus quod quisquam molestiae necessitatibus, temporibus facere sint sunt sapiente reprehenderit voluptate quo mollitia?\n\nRecusandae facere nulla mollitia odit dolorem ipsum ipsam unde eius similique, officiis optio velit, minus facere rerum eaque laudantium expedita cupiditate, molestias sapiente vero beatae ducimus, esse illum atque inventore numquam nobis qui eius earum? Nemo sapiente repudiandae non. Exercitationem natus quia praesentium, dolor asperiores ea tempore nostrum sequi recusandae eum suscipit enim, eveniet amet explicabo temporibus labore alias quia deserunt qui ducimus itaque, corporis reprehenderit sunt non, tempore necessitatibus recusandae beatae.", "user_id": 6, "question_id": 5}, "model": "api.answer", "pk": 17}, {"fields": {"body": "Lorem ipsum dolor sit amet, consectetur adipisicing elit, sed do eiusmod tempor incididunt ut labore et dolore magna aliqua. Ut enim ad minim veniam, quis nostrud exercitation ullamco laboris nisi ut aliquip ex ea commodo consequat. Duis aute irure dolor in reprehenderit in voluptate velit esse cillum dolore eu fugiat nulla pariatur. Excepteur sint occaecat cupidatat non proident, sunt in culpa qui officia deserunt mollit anim id est laborum.\n\nSapiente officiis minus alias ratione dolores, voluptas nesciunt deleniti sed provident vero temporibus nihil? Atque nostrum tempora veritatis deleniti provident nihil necessitatibus perferendis incidunt? Culpa praesentium eum pariatur rerum velit aspernatur voluptatem quis, at placeat soluta quidem voluptatibus deserunt iure cum, deleniti optio voluptatem deserunt tempore, iusto sit est maiores enim quod iure natus beatae tenetur voluptatem?\n\nQuidem ullam minus eaque, velit totam exercitationem. Iure aliquid impedit veniam alias delectus nihil, suscipit porro iste laboriosam repudiandae quaerat inventore est quasi. Aut quidem fugiat eius ipsum omnis.", "user_id": 17, "question_id": 3}, "model": "api.answer", "pk": 18}, {"fields": {"body": "Lorem ipsum dolor sit amet, consectetur adipisicing elit, sed do eiusmod tempor incididunt ut labore et dolore magna aliqua. Ut enim ad minim veniam, quis nostrud exercitation ullamco laboris nisi ut aliquip ex ea commodo consequat. Duis aute irure dolor in reprehenderit in voluptate velit esse cillum dolore eu fugiat nulla pariatur. Excepteur sint occaecat cupidatat non proident, sunt in culpa qui officia deserunt mollit anim id est laborum.\n\nTenetur a deleniti nostrum ullam impedit aliquam distinctio esse recusandae, earum reiciendis delectus beatae est accusamus quisquam, nostrum veniam amet tempora omnis, quis nisi aliquid sunt cupiditate accusamus beatae rerum, officia libero aut cumque quo ipsum autem fuga ad. Quisquam id maxime voluptate quae quos quidem?\n\nLaudantium quo dolore nesciunt a, consequatur laborum saepe sint ipsam magni aut quas minima vitae perferendis, pariatur odio quas quibusdam qui nesciunt quos tempore enim.", "user_id": 14, "question_id": 9}, "model": "api.answer", "pk": 19}, {"fields": {"body": "Lorem ipsum dolor sit amet, consectetur adipisicing elit, sed do eiusmod tempor incididunt ut labore et dolore magna aliqua. Ut enim ad minim veniam, quis nostrud exercitation ullamco laboris nisi ut aliquip ex ea commodo consequat. Duis aute irure dolor in reprehenderit in voluptate velit esse cillum dolore eu fugiat nulla pariatur. Excepteur sint occaecat cupidatat non proident, sunt in culpa qui officia deserunt mollit anim id est laborum.\n\nNulla perspiciatis molestias sapiente repellat possimus optio laborum fugiat maxime distinctio explicabo, deserunt eaque aliquam, possimus maiores eum ex. Laborum tempora autem, nemo ullam ducimus dicta minus blanditiis ipsam debitis aspernatur laboriosam quisquam necessitatibus. Commodi repellendus iusto veniam itaque explicabo quam ea est ad libero, veniam soluta officiis, architecto laborum quaerat nihil numquam dolor dicta quo asperiores eveniet praesentium facere, similique repellendus laborum, doloribus perferendis sequi libero odit?\n\nQuaerat ab maiores placeat magnam, nemo explicabo sunt quasi vero voluptatem, optio provident quam enim modi nam quo itaque beatae facilis eos aspernatur, rerum omnis autem?", "user_id": 4, "question_id": 11}, "model": "api.answer", "pk": 20}, {"fields": {"api_key": "18ca9a9b-50f3-47e5-bb77-cee5575060d0", "api_requests_count": 36, "name": "Deserunt"}, "model": "api.tenant", "pk": 1}, {"fields": {"api_key": "48bffbcb-c602-49c8-8121-83a37b438d9c", "api_requests_count": 42, "name": "Omnis hi"}, "model": "api.tenant", "pk": 2}, {"fields": {"api_key": "40de9222-bb3e-4a8f-ba62-0dacb7af09e6", "api_requests_count": 114, "name": "Dolor n"}, "model": "api.tenant", "pk": 3}, {"fields": {"api_key": "25aaec9c-2e58-4aab-87fd-076f4e2c02c1", "api_requests_count": 110, "name": "Deserun"}, "model": "api.tenant", "pk": 4}, {"fields": {"api_key": "977a9822-e4af-4cba-874f-c62c41ba73d0", "api_requests_count": 35, "name": "Venia"}, "model": "api.tenant", "pk": 5}, {"fields": {"api_key": "7b031eda-7cd7-43c2-b605-c591e8029753", "api_requests_count": 70, "name": "Deleniti q"}, "model": "api.tenant", "pk": 6}, {"fields": {"api_key": "a589c1ff-d044-44bf-8a30-e1e75a44efcf", "api_requests_count": 44, "name": "An"}, "model": "api.tenant", "pk": 7}, {"fields": {"api_key": "c9144428-43e5-4897-b75c-a55db9d1c59a", "api_requests_count": 110, "name": "Assumenda verita"}, "model": "api.tenant", "pk": 8}, {"fields": {"api_key": "932ce0c0-c703-4de7-928b-01a4109b7696", "api_requests_count": 30, "name": "Asperior"}, "model": "api.tenant", "pk": 9}, {"fields": {"api_key": "6f98705f-6667-45ee-9e0a-7eaf562061b3", "api_requests_count": 97, "name": "Placeat eli"}, "model": "api.tenant", "pk": 10}]