[{"fields": {"name": "Magni"}, "model": "api.user", "pk": 1}, {"fields": {"name": "Dicta c"}, "model": "api.user", "pk": 2}, {"fields": {"name": "Eius n"}, "model": "api.user", "pk": 3}, {"fields": {"name": "Quod nobis perspiciati"}, "model": "api.user", "pk": 4}, {"fields": {"name": "Illum deserunt repudiandae modi est simil"}, "model": "api.user", "pk": 5}, {"fields": {"name": "Eveniet e"}, "model": "api.user", "pk": 6}, {"fields": {"name": "Nulla iusto voluptatibus ratione"}, "model": "api.user", "pk": 7}, {"fields": {"name": "Quia in ullam possimus ipsum a"}, "model": "api.user", "pk": 8}, {"fields": {"name": "Suscipit earum cons"}, "model": "api.user", "pk": 9}, {"fields": {"name": "Accusamus fugit inventore ea assu"}, "model": "api.user", "pk": 10}, {"fields": {"name": "Repellendus velit blanditii"}, "model": "api.user", "pk": 11}, {"fields": {"name": "Iure blandi"}, "model": "api.user", "pk": 12}, {"fields": {"name": "Aut cupiditate saepe, ad nisi iusto fuga? Alias"}, "model": "api.user", "pk": 13}, {"fields": {"name": "Ut quia natus in nobis a fugiat accusamu"}, "model": "api.user", "pk": 14}, {"fields": {"name": "Animi dolore sed unde atque? Mo"}, "model": "api.user", "pk": 15}, {"fields": {"name": "Velit earum explicabo distinctio temporibus fug"}, "model": "api.user", "pk": 16}, {"fields": {"name": "Corrupti laudantium in as"}, "model": "api.user", "pk": 17}, {"fields": {"name": "Rem maxime doloremque vitae excepturi reprehen"}, "model": "api.user", "pk": 18}, {"fields": {"name": "Reprehenderit dolori"}, "model": "api.user", "pk": 19}, {"fields": {"name": "Minus temporib"}, "model": "api.user", "pk": 20}, {"fields": {"user_id": 7, "private": true, "title": "Sapiente deleniti recusandae quis maxime quaerat, eius officia ut nesciunt adipisci"}, "model": "api.question", "pk": 1}, {"fields": {"user_id": 19, "private": true, "title": "Neque ullam fugiat velit, odit eaque quibusdam dolores ad explicabo cumque tempora tenetur, ex"}, "model": "api.question", "pk": 2}, {"fields": {"user_id": 17, "private": false, "title": "Aliquid natus eaque illum esse vel iure eos ullam ab corrupti"}, "model": "api.question", "pk": 3}, {"fields": {"user_id": 10, "private": true, "title": "Neque autem est error ducimus max"}, "model": "api.question", "pk": 4}, {"fields": {"user_id": 2, "private": true, "title": "Repellat ipsa dolorum laborum sed pariatur sequi culpa eum voluptatem sint, repellat amet"}, "model": "api.question", "pk": 5}, {"fields": {"user_id": 20, "private": true, "title": "Eveniet ab sapiente pariatur quam,"}, "model": "api.question", "pk": 6}, {"fields": {"user_id": 13, "private": false, "title": "Doloribus dolores accusamus ratione voluptatem, necessitatibus animi quae"}, "model": "api.question", "pk": 7}, {"fields": {"user_id": 3, "private": true, "title": "Recusandae consectetur atque voluptatib"}, "model": "api.question", "pk": 8}, {"fields": {"user_id": 12, "private": false, "title": "Aut exercitationem quibusdam totam commodi cum aperiam. Facilis cupiditate conseq"}, "model": "api.question", "pk": 9}, {"fields": {"user_id": 16, "private": false, "title": "Eius fugit tenetur, tempore deserunt blanditiis exe"}, "model": "api.question", "pk": 10}, {"fields": {"user_id": 1, "private": false, "title": "Provident neque libero perferendis aliquid in explic"}, "model": "api.question", "pk": 11}, {"fields": {"user_id": 1, "private": false, "title": "Doloremque inventore officiis ipsam, ducimus impedit sunt ex quibusdam f"}, "model": "api.question", "pk": 12}, {"fields": {"user_id": 15, "private": true, "title": "Ex fuga nostrum? Eligendi quasi sit delectus volu"}, "model": "api.question", "pk": 13}, {"fields": {"user_id": 2, "private": false, "title": "Deleniti impedit qui asperiores rem error consequuntur voluptatum optio"}, "model": "api.question", "pk": 14}, {"fields": {"user_id": 1, "private": false, "title": "Enim ea saepe, veniam"}, "model": "api.question", "pk": 15}, {"fields": {"user_id": 19, "private": true, "title": "Assumenda doloremque obcaecati qu"}, "model": "api.question", "pk": 16}, {"fields": {"user_id": 13, "private": false, "title": "Saepe hic ullam perspiciatis voluptates, exercitationem dignissimos odio t"}, "model": "api.question", "pk": 17}, {"fields": {"user_id": 1, "private": false, "title": "Quibusdam iste quam labore natus odio laborum sint, dolor inventore fugit, verit"}, "model": "api.question", "pk": 18}, {"fields": {"user_id": 12, "private": false, "title": "Labore blanditiis u"}, "model": "api.question", "pk": 19}, {"fields": {"user_id": 3, "private": false, "title": "Obcaecati consequatur ad molestiae eaque autem sapiente na"}, "model": "api.question", "pk": 20}, {"fields": {"body": "Lorem ipsum dolor sit amet, consectetur adipisicing elit, sed do eiusmod tempor incididunt ut labore et dolore magna aliqua. Ut enim ad minim veniam, quis nostrud exercitation ullamco laboris nisi ut aliquip ex ea commodo consequat. Duis aute irure dolor in reprehenderit in voluptate velit esse cillum dolore eu fugiat nulla pariatur. Excepteur sint occaecat cupidatat non proident, sunt in culpa qui officia deserunt mollit anim id est laborum.\n\nEaque velit amet voluptatibus explicabo enim, explicabo dolores quod nulla, quasi repellat explicabo in nulla obcaecati, hic eos pariatur architecto corrupti ab modi perspiciatis excepturi quis delectus, fugiat magni voluptate accusamus eveniet recusandae?\n\nSunt iure quidem blanditiis voluptatibus laborum reiciendis, facere laboriosam impedit quia aspernatur fugiat quod quo? Nam aliquid rem sunt fuga reiciendis voluptates libero, eos velit recusandae ea rerum. Minus provident fugit fugiat atque nulla quia facilis, neque omnis corporis nulla ex, quia unde facere minus voluptatem. Iste nam rem ipsam odit laboriosam in, quaerat expedita rerum possimus minima officia eos, ad maiores odio maxime veritatis iste est hic aspernatur, enim voluptatum vel optio et possimus dicta voluptatem quidem, explicabo distinctio animi natus commodi in.", "user_id": 4, "question_id": 4}, "model": "api.answer", "pk": 1}, {"fields": {"body": "Lorem ipsum dolor sit amet, consectetur adipisicing elit, sed do eiusmod tempor incididunt ut labore et dolore magna aliqua. Ut enim ad minim veniam, quis nostrud exercitation ullamco laboris nisi ut aliquip ex ea commodo consequat. Duis aute irure dolor in reprehenderit in voluptate velit esse cillum dolore eu fugiat nulla pariatur. Excepteur sint occaecat cupidatat non proident, sunt in culpa qui officia deserunt mollit anim id est laborum.\n\nSoluta ducimus iste explicabo quaerat aut eius sed id deleniti numquam ut? Est voluptate quaerat impedit molestiae labore, doloribus repellat laudantium odit quibusdam est, corrupti labore odit illum natus? Dicta consequuntur asperiores, corporis expedita dolorum non sed magnam perferendis ab nam delectus, saepe eius placeat veritatis corrupti asperiores error, soluta atque veritatis quae hic quam autem delectus inventore nobis. Accusantium beatae iusto omnis fugit dolorum sit, deserunt asperiores illum provident officiis amet ipsum nobis, saepe dolor ullam rerum officiis voluptas.\n\nDolorum culpa dolorem ipsa? Commodi excepturi reprehenderit laudantium, doloribus quaerat enim maxime repellendus rem numquam, est fugiat temporibus libero quod aut fugit nam iste.", "user_id": 7, "question_id": 18}, "model": "api.answer", "pk": 2}, {"fields": {"body": "Lorem ipsum dolor sit amet, consectetur adipisicing elit, sed do eiusmod tempor incididunt ut labore et dolore magna aliqua. Ut enim ad minim veniam, quis nostrud exercitation ullamco laboris nisi ut aliquip ex ea commodo consequat. Duis aute irure dolor in reprehenderit in voluptate velit esse cillum dolore eu fugiat nulla pariatur. Excepteur sint occaecat cupidatat non proident, sunt in culpa qui officia deserunt mollit anim id est laborum.\n\nRecusandae quod vel aspernatur fugiat? Beatae est officia autem. Vero perspiciatis molestias dolore, voluptatibus recusandae rem unde asperiores saepe ab explicabo aperiam, consectetur repellat recusandae?\n\nQuae vero necessitatibus quia dolorum suscipit, magnam quibusdam nobis illum est reiciendis quo quia vitae numquam, fugit nostrum aliquid culpa voluptas laboriosam id labore non magnam.", "user_id": 10, "question_id": 19}, "model": "api.answer", "pk": 3}, {"fields": {"body": "Lorem ipsum dolor sit amet, consectetur adipisicing elit, sed do eiusmod tempor incididunt ut labore et dolore magna aliqua. Ut enim ad minim veniam, quis nostrud exercitation ullamco laboris nisi ut aliquip ex ea commodo consequat. Duis aute irure dolor in reprehenderit in voluptate velit esse cillum dolore eu fugiat nulla pariatur. Excepteur sint occaecat cupidatat non proident, sunt in culpa qui officia deserunt mollit anim id est laborum.\n\nDoloribus nisi tempore illum aspernatur reiciendis impedit architecto ducimus, voluptatibus totam debitis eveniet dolorum unde, eum consectetur eaque unde qui rerum quam neque quod voluptatibus vitae molestiae, modi iste nihil atque ipsam vitae at incidunt beatae ipsa, soluta dolor similique? Ex at ipsa deserunt aperiam temporibus, et possimus adipisci numquam praesentium repudiandae cumque odit sit pariatur illo, minima doloribus culpa magnam ad aliquid? A omnis itaque ut tenetur corporis dicta cumque in, impedit officia dolorum ipsa autem inventore eligendi alias enim, animi illum natus fugiat, distinctio eum vitae omnis qui vel iure necessitatibus accusamus illo autem adipisci?\n\nAutem officia laboriosam iusto quis voluptatum saepe omnis in necessitatibus ducimus, debitis nam aperiam? Quis quam temporibus ipsam aut laboriosam consequatur quasi accusamus minus iusto, autem fugit excepturi ab eveniet quo consequuntur quia voluptatum nesciunt. Tenetur quam deleniti exercitationem perferendis praesentium autem.", "user_id": 18, "question_id": 13}, "model": "api.answer", "pk": 4}, {"fields": {"body": "Lorem ipsum dolor sit amet, consectetur adipisicing elit, sed do eiusmod tempor incididunt ut labore et dolore magna aliqua. Ut enim ad minim veniam, quis nostrud exercitation ullamco laboris nisi ut aliquip ex ea commodo consequat. Duis aute irure dolor in reprehenderit in voluptate velit esse cillum dolore eu fugiat nulla pariatur. Excepteur sint occaecat cupidatat non proident, sunt in culpa qui officia deserunt mollit anim id est laborum.\n\nUnde dolorum mollitia consequuntur assumenda id consequatur, quia sequi unde?\n\nFuga ut illum doloribus, a rerum tenetur provident quaerat quasi facilis sunt libero soluta voluptates officiis, velit doloribus architecto ut ex voluptates vitae reiciendis nihil ratione? Reiciendis beatae non placeat at maiores.", "user_id": 18, "question_id": 8}, "model": "api.answer", "pk": 5}, {"fields": {"body": "Lorem ipsum dolor sit amet, consectetur adipisicing elit, sed do eiusmod tempor incididunt ut labore et dolore magna aliqua. Ut enim ad minim veniam, quis nostrud exercitation ullamco laboris nisi ut aliquip ex ea commodo consequat. Duis aute irure dolor in reprehenderit in voluptate velit esse cillum dolore eu fugiat nulla pariatur. Excepteur sint occaecat cupidatat non proident, sunt in culpa qui officia deserunt mollit anim id est laborum.\n\nQuasi esse modi, dolorum consequatur quis, deleniti perspiciatis illo, animi consectetur tenetur pariatur?\n\nIpsam ratione deserunt quos expedita distinctio consequatur voluptates sint laudantium mollitia, illo aliquid vitae neque natus labore possimus ad at tempore eius, itaque incidunt pariatur sit, dolores nesciunt ipsa tenetur fuga.", "user_id": 13, "question_id": 1}, "model": "api.answer", "pk": 6}, {"fields": {"body": "Lorem ipsum dolor sit amet, consectetur adipisicing elit, sed do eiusmod tempor incididunt ut labore et dolore magna aliqua. Ut enim ad minim veniam, quis nostrud exercitation ullamco laboris nisi ut aliquip ex ea commodo consequat. Duis aute irure dolor in reprehenderit in voluptate velit esse cillum dolore eu fugiat nulla pariatur. Excepteur sint occaecat cupidatat non proident, sunt in culpa qui officia deserunt mollit anim id est laborum.\n\nNemo possimus nihil porro aspernatur enim consectetur saepe id voluptatibus voluptas autem, iusto dignissimos dolor maiores officia, modi deserunt molestias illum laboriosam. Facere eligendi dolorem tempora, iure voluptate aliquam, possimus odit nihil explicabo assumenda, unde blanditiis possimus repellendus qui temporibus quo, repellat facere maiores laborum id corporis? Perferendis quos dolor facere explicabo atque repellat laborum tempora assumenda, culpa blanditiis harum illo delectus exercitationem excepturi quaerat eius nemo optio, quos sapiente enim minus delectus nisi libero reiciendis aut accusantium non, vel quos blanditiis possimus perspiciatis cupiditate laboriosam, at maiores quod animi facilis ab sed consequatur commodi neque ducimus ipsum.\n\nInventore doloribus pariatur maiores molestiae praesentium ab, provident aut illum excepturi minus quam officiis sapiente eaque expedita, fuga est dignissimos, iure dignissimos quia nostrum ipsum facilis deserunt placeat, repellendus esse commodi iste adipisci qui neque sed impedit nesciunt animi? Exercitationem veniam neque optio harum illo necessitatibus temporibus nobis architecto ipsa. Reprehenderit voluptatibus debitis suscipit voluptate mollitia dolores voluptatum beatae laudantium, dolore inventore deserunt cum corrupti perspiciatis, illo omnis libero.", "user_id": 4, "question_id": 1}, "model": "api.answer", "pk": 7}, {"fields": {"body": "Lorem ipsum dolor sit amet, consectetur adipisicing elit, sed do eiusmod tempor incididunt ut labore et dolore magna aliqua. Ut enim ad minim veniam, quis nostrud exercitation ullamco laboris nisi ut aliquip ex ea commodo consequat. Duis aute irure dolor in reprehenderit in voluptate velit esse cillum dolore eu fugiat nulla pariatur. Excepteur sint occaecat cupidatat non proident, sunt in culpa qui officia deserunt mollit anim id est laborum.\n\nQuam nam facere autem suscipit ullam voluptatum deserunt ratione doloremque, perspiciatis harum earum impedit a, consequuntur animi soluta necessitatibus dolor fugit fugiat sapiente aliquam architecto beatae? Nihil soluta velit ad quia est. Et labore nobis laborum blanditiis ut deleniti atque esse ipsum aut, sint consectetur minus asperiores sed ut, repellendus blanditiis fugit qui laboriosam officiis quaerat fuga iure, autem aspernatur mollitia earum dolorum inventore odit harum, soluta nobis explicabo iste aperiam rerum impedit aspernatur error ipsam?\n\nCorrupti vel autem odit dignissimos deserunt iste rem explicabo, tempore dolorum assumenda nisi atque, quidem sed numquam ipsum nostrum, libero nemo culpa sed impedit aliquid officiis. Qui necessitatibus earum temporibus, repellat rerum optio obcaecati ipsam sint accusamus, sapiente nemo architecto laboriosam totam necessitatibus fugiat ea explicabo? Cupiditate assumenda quas totam beatae tempora nihil expedita, voluptate commodi tempore ut voluptatem autem aperiam inventore, esse non est? Dicta architecto libero voluptatem at quaerat nobis iure debitis repudiandae voluptas maiores, tenetur suscipit beatae magnam?", "user_id": 8, "question_id": 10}, "model": "api.answer", "pk": 8}, {"fields": {"body": "Lorem ipsum dolor sit amet, consectetur adipisicing elit, sed do eiusmod tempor incididunt ut labore et dolore magna aliqua. Ut enim ad minim veniam, quis nostrud exercitation ullamco laboris nisi ut aliquip ex ea commodo consequat. Duis aute irure dolor in reprehenderit in voluptate velit esse cillum dolore eu fugiat nulla pariatur. Excepteur sint occaecat cupidatat non proident, sunt in culpa qui officia deserunt mollit anim id est laborum.\n\nNesciunt facilis earum magni. Quos voluptate neque, sit commodi porro doloremque. Distinctio excepturi rem corrupti, error culpa cum fugiat temporibus molestias quos ut ea nisi cumque.\n\nArchitecto eligendi magni tenetur qui dolorem aliquam labore, mollitia iusto earum corporis beatae ullam odit velit nesciunt qui voluptate eius, cupiditate ipsa tempore molestiae laboriosam quos harum, vitae maxime accusamus?", "user_id": 2, "question_id": 7}, "model": "api.answer", "pk": 9}, {"fields": {"body": "Lorem ipsum dolor sit amet, consectetur adipisicing elit, sed do eiusmod tempor incididunt ut labore et dolore magna aliqua. Ut enim ad minim veniam, quis nostrud exercitation ullamco laboris nisi ut aliquip ex ea commodo consequat. Duis aute irure dolor in reprehenderit in voluptate velit esse cillum dolore eu fugiat nulla pariatur. Excepteur sint occaecat cupidatat non proident, sunt in culpa qui officia deserunt mollit anim id est laborum.\n\nTempora illum molestiae. Facilis esse dignissimos totam voluptatibus facere quod, consectetur accusantium accusamus et impedit a neque inventore repudiandae, eligendi provident asperiores officiis omnis veniam perspiciatis, rem quas necessitatibus beatae? Sed quaerat quae praesentium libero laboriosam quidem sequi, amet sint saepe nam cumque cum, cum cupiditate distinctio sed nam laborum, dolorum fuga ducimus soluta atque ipsam est dignissimos omnis, repudiandae illum quam maxime iure.\n\nVelit dicta in optio odit eum, animi fugiat iure quis aut mollitia sit delectus illum, dolor sed labore libero provident modi nulla totam laudantium reprehenderit voluptatem earum? Tempora libero quod et fuga accusantium iure. Placeat quis reprehenderit maxime sapiente enim, nesciunt illum voluptate cumque aut libero natus modi quis.", "user_id": 16, "question_id": 5}, "model": "api.answer", "pk": 10}, {"fields": {"body": "Lorem ipsum dolor sit amet, consectetur adipisicing elit, sed do eiusmod tempor incididunt ut labore et dolore magna aliqua. Ut enim ad minim veniam, quis nostrud exercitation ullamco laboris nisi ut aliquip ex ea commodo consequat. Duis aute irure dolor in reprehenderit in voluptate velit esse cillum dolore eu fugiat nulla pariatur. Excepteur sint occaecat cupidatat non proident, sunt in culpa qui officia deserunt mollit anim id est laborum.\n\nFacilis nostrum quisquam soluta nulla fugit ad libero blanditiis voluptates quod, provident nesciunt pariatur earum rem, quaerat tempora sit ex modi exercitationem consectetur suscipit illo? A soluta sequi laborum nisi sed fugit, fuga labore debitis ipsa facere, sit non officiis. Minus aperiam neque, quae dolores expedita labore mollitia molestias totam hic sunt. Expedita doloribus hic suscipit porro, quam officia quisquam odio porro nostrum distinctio harum iusto, tenetur iste nam voluptatum deserunt voluptate.\n\nQuas sed vitae officiis eum consequuntur, quasi omnis itaque beatae fugit nihil sequi nesciunt exercitationem error?", "user_id": 5, "question_id": 15}, "model": "api.answer", "pk": 11}, {"fields": {"body": "Lorem ipsum dolor sit amet, consectetur adipisicing elit, sed do eiusmod tempor incididunt ut labore et dolore magna aliqua. Ut enim ad minim veniam, quis nostrud exercitation ullamco laboris nisi ut aliquip ex ea commodo consequat. Duis aute irure dolor in reprehenderit in voluptate velit esse cillum dolore eu fugiat nulla pariatur. Excepteur sint occaecat cupidatat non proident, sunt in culpa qui officia deserunt mollit anim id est laborum.\n\nNumquam laboriosam velit veritatis cum ad eaque commodi laudantium aperiam, nam dolores velit nostrum sapiente, in veniam voluptatum dolorem vero debitis quae mollitia voluptas illo ullam expedita, tempora porro odit velit natus beatae suscipit voluptatibus aliquam alias aliquid, ipsa excepturi delectus quaerat minus laboriosam iusto explicabo consectetur sequi porro dolore. Odio nam laboriosam eligendi aliquid nemo hic reiciendis odit, ducimus sit sequi inventore soluta impedit provident hic, obcaecati eaque consequuntur eveniet provident qui, repudiandae voluptas dignissimos recusandae non, aliquid minima ducimus aspernatur placeat officiis recusandae sunt. Ullam cum hic eveniet maxime porro quibusdam possimus eos similique quis doloribus, at minima nam dignissimos, ipsum optio ducimus animi ullam nesciunt provident hic asperiores porro.\n\nSapiente suscipit tempore et voluptatibus ad doloribus ratione delectus illo? Minus laboriosam ex pariatur aliquid commodi cupiditate corrupti. Aperiam unde commodi, mollitia quis molestiae pariatur.", "user_id": 6, "question_id": 18}, "model": "api.answer", "pk": 12}, {"fields": {"body": "Lorem ipsum dolor sit amet, consectetur adipisicing elit, sed do eiusmod tempor incididunt ut labore et dolore magna aliqua. Ut enim ad minim veniam, quis nostrud exercitation ullamco laboris nisi ut aliquip ex ea commodo consequat. Duis aute irure dolor in reprehenderit in voluptate velit esse cillum dolore eu fugiat nulla pariatur. Excepteur sint occaecat cupidatat non proident, sunt in culpa qui officia deserunt mollit anim id est laborum.\n\nVelit qui nulla modi eveniet voluptatibus ullam, quasi neque molestias suscipit voluptatem laborum quibusdam vero a ad, temporibus officiis explicabo voluptatum repellat corporis dignissimos sed ullam delectus, aliquam explicabo porro dolores odio, in repudiandae exercitationem ipsa veniam facere tenetur quisquam excepturi doloremque neque debitis. Reiciendis quos doloremque accusamus corrupti perspiciatis unde est at ratione ipsam, quis porro eaque eligendi ducimus et, in laudantium sit nobis rerum quibusdam praesentium magnam quas mollitia, atque eaque ab repellat aliquid reprehenderit asperiores nemo sequi?\n\nQuod optio totam soluta repudiandae magnam vitae ad similique recusandae, natus harum enim non odio itaque maiores iste dolorum voluptate? Animi deserunt beatae facilis quisquam officiis vitae, eum velit quisquam, aperiam eos quasi quisquam quo expedita iure qui laboriosam, fugiat ut ad tenetur?", "user_id": 12, "question_id": 14}, "model": "api.answer", "pk": 13}, {"fields": {"body": "Lorem ipsum dolor sit amet, consectetur adipisicing elit, sed do eiusmod tempor incididunt ut labore et dolore magna aliqua. Ut enim ad minim veniam, quis nostrud exercitation ullamco laboris nisi ut aliquip ex ea commodo consequat. Duis aute irure dolor in reprehenderit in voluptate velit esse cillum dolore eu fugiat nulla pariatur. Excepteur sint occaecat cupidatat non proident, sunt in culpa qui officia deserunt mollit anim id est laborum.\n\nEos alias eveniet tenetur iusto, atque eaque debitis voluptates assumenda, debitis nobis saepe deleniti cum est et esse perferendis ratione hic facilis? Dolorem rem placeat soluta porro, eius quibusdam numquam perferendis ipsa repellendus, laudantium saepe sapiente consectetur quaerat obcaecati eveniet ab temporibus quidem. Eligendi incidunt ratione inventore, porro sit assumenda incidunt suscipit perspiciatis saepe omnis nihil velit iusto officia, culpa error repellat sed dolor ullam rerum, aliquid repellendus cum quo, ullam cupiditate ipsam libero aut aliquam natus. Ullam incidunt harum exercitationem quod, quam neque aut quo tempora vel cupiditate?\n\nFugit possimus voluptatum ipsa adipisci assumenda, sapiente aut iste doloremque soluta in, dicta deleniti quae perferendis voluptate repellat similique possimus cumque? Corrupti in odio repellendus tenetur animi nostrum cum at doloremque eaque, repudiandae magni suscipit facilis temporibus, eaque architecto excepturi omnis ratione perspiciatis hic, quisquam nostrum necessitatibus dolorem possimus quos alias deserunt similique earum facilis modi? Neque minima rerum saepe blanditiis natus officiis, quae enim iure quo inventore natus ab at quasi nobis, veniam earum ipsam impedit quis et ea, id recusandae quis, officiis velit eaque?", "user_id": 6, "question_id": 1}, "model": "api.answer", "pk": 14}, {"fields": {"body": "Lorem ipsum dolor sit amet, consectetur adipisicing elit, sed do eiusmod tempor incididunt ut labore et dolore magna aliqua. Ut enim ad minim veniam, quis nostrud exercitation ullamco laboris nisi ut aliquip ex ea commodo consequat. Duis aute irure dolor in reprehenderit in voluptate velit esse cillum dolore eu fugiat nulla pariatur. Excepteur sint occaecat cupidatat non proident, sunt in culpa qui officia deserunt mollit anim id est laborum.\n\nEt tempore corrupti, ipsum eveniet maxime laborum tempora mollitia cupiditate ad, mollitia ipsa rerum. Neque libero repellendus facere suscipit vero molestias vitae officia?\n\nError at deleniti temporibus voluptate quam, fugit enim corporis sint harum? Veniam delectus deleniti. Delectus repellendus excepturi perspiciatis odit rerum voluptas itaque deleniti iusto.", "user_id": 1, "question_id": 2}, "model": "api.answer", "pk": 15}, {"fields": {"body": "Lorem ipsum dolor sit amet, consectetur adipisicing elit, sed do eiusmod tempor incididunt ut labore et dolore magna aliqua. Ut enim ad minim veniam, quis nostrud exercitation ullamco laboris nisi ut aliquip ex ea commodo consequat. Duis aute irure dolor in reprehenderit in voluptate velit esse cillum dolore eu fugiat nulla pariatur. Excepteur sint occaecat cupidatat non proident, sunt in culpa qui officia deserunt mollit anim id est laborum.\n\nNam nostrum alias mollitia laboriosam, enim dignissimos tempore placeat voluptatibus nihil, adipisci delectus ut labore? Corrupti natus voluptas obcaecati magnam accusamus deserunt suscipit, aliquam amet in ipsum voluptate incidunt odit voluptatum ab, nobis voluptatum alias, esse dolores nisi omnis, labore id cupiditate laudantium soluta impedit sint sunt recusandae cum nam? Quae qui ex quam quas consequuntur maxime id dicta voluptates adipisci, optio id accusamus provident? Modi id qui a, labore nesciunt debitis quae quo sit sunt?\n\nLaboriosam praesentium cumque, reprehenderit veritatis quos ea quis ex itaque eveniet, consectetur rem blanditiis ullam velit perferendis illum numquam ut qui doloremque? Numquam rem nam impedit consectetur praesentium dicta sunt.", "user_id": 13, "question_id": 20}, "model": "api.answer", "pk": 16}, {"fields": {"body": "Lorem ipsum dolor sit amet, consectetur adipisicing elit, sed do eiusmod tempor incididunt ut labore et dolore magna aliqua. Ut enim ad minim veniam, quis nostrud exercitation ullamco laboris nisi ut aliquip ex ea commodo consequat. Duis aute irure dolor in reprehenderit in voluptate velit esse cillum dolore eu fugiat nulla pariatur. Excepteur sint occaecat cupidatat non proident, sunt in culpa qui officia deserunt mollit anim id est laborum.\n\nAccusamus dolorum rem minima excepturi quaerat possimus mollitia, eaque harum repellat fugiat, provident illum et deleniti blanditiis quisquam numquam sunt hic?\n\nPorro tempore saepe quas sapiente, temporibus necessitatibus harum inventore, impedit exercitationem dignissimos minima sunt? Reiciendis aperiam tenetur vitae accusamus velit doloremque perspiciatis temporibus molestias, voluptate qui eaque deleniti voluptatum reiciendis tempora, hic illum eligendi labore iusto? Harum nihil excepturi aperiam, dolorum commodi iure aliquid corrupti laudantium officia eius repellendus, quidem ad alias eius harum eum beatae, incidunt veniam suscipit saepe eaque fugiat necessitatibus, deleniti nisi dolorem vero adipisci voluptatum perspiciatis. Voluptas nihil ex enim velit odit, error porro molestiae soluta nulla maxime tempore, recusandae ipsum repudiandae ex dolorum unde assumenda minus sunt et enim.", "user_id": 17, "question_id": 13}, "model": "api.answer", "pk": 17}, {"fields": {"body": "Lorem ipsum dolor sit amet, consectetur adipisicing elit, sed do eiusmod tempor incididunt ut labore et dolore magna aliqua. Ut enim ad minim veniam, quis nostrud exercitation ullamco laboris nisi ut aliquip ex ea commodo consequat. Duis aute irure dolor in reprehenderit in voluptate velit esse cillum dolore eu fugiat nulla pariatur. Excepteur sint occaecat cupidatat non proident, sunt in culpa qui officia deserunt mollit anim id est laborum.\n\nDebitis enim voluptas illo dicta, dicta eveniet obcaecati numquam voluptate fuga dignissimos adipisci tempore, perspiciatis sit alias, nisi reiciendis quia itaque in amet, id dicta ad recusandae?\n\nLibero cupiditate aliquam delectus provident quos exercitationem ex facere, eos illum vero, eum rerum modi fugiat numquam accusantium et omnis, consequuntur quis facilis laboriosam adipisci veritatis, odio vel maxime perspiciatis officiis. Quisquam debitis sit porro iusto deleniti adipisci cupiditate quod rerum ea sunt, libero repellat ducimus quas animi, earum culpa animi laudantium laborum illo, eum praesentium non eos a? Quisquam minima voluptatum magnam adipisci fugit delectus eius est, ipsa debitis ab temporibus iusto est eius, saepe id corporis natus est dolor neque atque maiores alias, vel beatae aliquam assumenda enim quam sit sunt. Sed natus mollitia libero possimus reiciendis esse ea similique pariatur, est dolorum quidem officia rem dignissimos.", "user_id": 11, "question_id": 15}, "model": "api.answer", "pk": 18}, {"fields": {"body": "Lorem ipsum dolor sit amet, consectetur adipisicing elit, sed do eiusmod tempor incididunt ut labore et dolore magna aliqua. Ut enim ad minim veniam, quis nostrud exercitation ullamco laboris nisi ut aliquip ex ea commodo consequat. Duis aute irure dolor in reprehenderit in voluptate velit esse cillum dolore eu fugiat nulla pariatur. Excepteur sint occaecat cupidatat non proident, sunt in culpa qui officia deserunt mollit anim id est laborum.\n\nSit quae ut soluta tenetur excepturi ipsam possimus quam vitae tempore consequatur, veritatis nisi eius autem commodi vero officia consectetur dolor atque pariatur, mollitia sit repellat nesciunt praesentium inventore repellendus atque magni laudantium eligendi architecto, praesentium veniam dicta ipsum ea ex sint sapiente sequi vero facilis iste, sunt neque delectus adipisci totam nostrum dignissimos maxime rem. Repudiandae iste id explicabo vero magni pariatur, tempore vitae quo facere maxime officiis saepe sequi fugiat beatae dolores unde, nostrum id eum eveniet incidunt natus vero, nam provident alias enim officia culpa similique aperiam corporis voluptates delectus, dolorum corporis perspiciatis architecto. Possimus cumque dolor blanditiis iste nulla. Voluptatum illo laboriosam est blanditiis quam eum repellendus eaque, dolor suscipit accusantium quis, voluptatem illo delectus, quia laboriosam est nesciunt, quibusdam mollitia harum quia rem itaque aspernatur exercitationem.\n\nVoluptates fuga nostrum corporis libero explicabo distinctio corrupti iusto earum ducimus, exercitationem aspernatur molestiae voluptas impedit praesentium corporis quaerat fugiat reiciendis, doloremque ex consequatur excepturi officia eveniet, quisquam voluptatibus debitis explicabo dolores libero cum, placeat tempora maxime. Omnis neque aliquid doloribus laboriosam eos, maiores itaque fuga est.", "user_id": 18, "question_id": 6}, "model": "api.answer", "pk": 19}, {"fields": {"body": "Lorem ipsum dolor sit amet, consectetur adipisicing elit, sed do eiusmod tempor incididunt ut labore et dolore magna aliqua. Ut enim ad minim veniam, quis nostrud exercitation ullamco laboris nisi ut aliquip ex ea commodo consequat. Duis aute irure dolor in reprehenderit in voluptate velit esse cillum dolore eu fugiat nulla pariatur. Excepteur sint occaecat cupidatat non proident, sunt in culpa qui officia deserunt mollit anim id est laborum.\n\nAdipisci velit voluptate unde voluptatibus enim aut, iusto ea minus officia at nostrum magnam culpa error accusantium voluptas ducimus? Quibusdam ut soluta non aspernatur voluptatum ex consectetur quas ea suscipit, totam rerum cumque doloribus iure et voluptates explicabo, cupiditate in delectus tenetur perspiciatis quis iure, aliquid maxime pariatur porro expedita, error autem aspernatur. Veniam assumenda facilis quisquam rem, doloribus facilis eveniet ea accusamus possimus magnam, tempora ad beatae pariatur obcaecati soluta voluptatem numquam? Eius amet blanditiis libero, quisquam architecto error a saepe, debitis necessitatibus amet earum velit dolores nostrum, ea explicabo mollitia quo iure blanditiis.\n\nItaque labore illo atque odio, odit quidem consequatur praesentium omnis enim veritatis laudantium beatae hic vel, blanditiis quibusdam dicta nulla voluptate rem dolores quis, vitae soluta dignissimos cupiditate atque numquam quibusdam laboriosam laborum quasi unde quod, commodi dolorem eveniet voluptatem ullam tempora?", "user_id": 19, "question_id": 16}, "model": "api.answer", "pk": 20}, {"fields": {"daily_api_requests_count": 1, "api_key": "6e762d97-2d46-48cc-99b6-58cc0942d514", "api_requests_count": 52, "name": "Amet s", "request_date_time": "2015-02-16T12:32:23.576Z"}, "model": "api.tenant", "pk": 1}, {"fields": {"daily_api_requests_count": 46, "api_key": "cd867a4d-cc48-49bb-8022-b656915364e9", "api_requests_count": 45, "name": "Re", "request_date_time": "2017-08-08T01:21:09.576Z"}, "model": "api.tenant", "pk": 2}, {"fields": {"daily_api_requests_count": 107, "api_key": "36397121-637e-4fe4-8735-fecea0011907", "api_requests_count": 65, "name": "Dolo", "request_date_time": "2013-04-29T05:23:37.576Z"}, "model": "api.tenant", "pk": 3}, {"fields": {"daily_api_requests_count": 85, "api_key": "7db13a17-cc4a-4dbd-8466-0fb5d3bb85f5", "api_requests_count": 47, "name": "Id mini", "request_date_time": "2014-10-31T19:59:01.576Z"}, "model": "api.tenant", "pk": 4}, {"fields": {"daily_api_requests_count": 44, "api_key": "e64030d2-9f3b-4485-bee9-fdc5197b7e78", "api_requests_count": 101, "name": "Alias aut ratione", "request_date_time": "2013-08-15T04:43:18.576Z"}, "model": "api.tenant", "pk": 5}, {"fields": {"daily_api_requests_count": 84, "api_key": "6580861c-4d42-45f2-8794-4790e76b25bd", "api_requests_count": 82, "name": "Asper", "request_date_time": "2017-09-14T10:56:24.576Z"}, "model": "api.tenant", "pk": 6}, {"fields": {"daily_api_requests_count": 21, "api_key": "58c08e1e-ae2d-42e8-b515-e5f5c762c2c3", "api_requests_count": 117, "name": "Vero alias", "request_date_time": "2017-10-15T12:01:09.576Z"}, "model": "api.tenant", "pk": 7}, {"fields": {"daily_api_requests_count": 38, "api_key": "6d7835b1-d4d2-4f95-b1af-32c7dc843e08", "api_requests_count": 51, "name": "Ipsam tenetur sequ", "request_date_time": "2013-09-23T17:08:30.576Z"}, "model": "api.tenant", "pk": 8}, {"fields": {"daily_api_requests_count": 55, "api_key": "4e14716f-ea40-4e1c-8f2a-966d13564d78", "api_requests_count": 81, "name": "Quod dignissimos", "request_date_time": "2017-11-17T02:03:16.576Z"}, "model": "api.tenant", "pk": 9}, {"fields": {"daily_api_requests_count": 3, "api_key": "5a7f5f42-64e6-4f30-afe9-b586f2c56f6f", "api_requests_count": 37, "name": "In b", "request_date_time": "2014-04-20T10:20:01.576Z"}, "model": "api.tenant", "pk": 10}]